PRAGMA foreign_keys=OFF;
BEGIN TRANSACTION;
CREATE TABLE IF NOT EXISTS "django_migrations" ("id" integer NOT NULL PRIMARY KEY AUTOINCREMENT, "app" varchar(255) NOT NULL, "name" varchar(255) NOT NULL, "applied" datetime NOT NULL);
INSERT INTO django_migrations VALUES(1,'backsys','0001_initial','2017-01-11 08:24:23.677639');
INSERT INTO django_migrations VALUES(2,'contenttypes','0001_initial','2017-01-11 08:25:33.423542');
INSERT INTO django_migrations VALUES(3,'auth','0001_initial','2017-01-11 08:25:33.951346');
INSERT INTO django_migrations VALUES(4,'admin','0001_initial','2017-01-11 08:25:34.401573');
INSERT INTO django_migrations VALUES(5,'admin','0002_logentry_remove_auto_add','2017-01-11 08:25:34.870480');
INSERT INTO django_migrations VALUES(6,'contenttypes','0002_remove_content_type_name','2017-01-11 08:25:35.643513');
INSERT INTO django_migrations VALUES(7,'auth','0002_alter_permission_name_max_length','2017-01-11 08:25:36.057141');
INSERT INTO django_migrations VALUES(8,'auth','0003_alter_user_email_max_length','2017-01-11 08:25:36.556050');
INSERT INTO django_migrations VALUES(9,'auth','0004_alter_user_username_opts','2017-01-11 08:25:37.089852');
INSERT INTO django_migrations VALUES(10,'auth','0005_alter_user_last_login_null','2017-01-11 08:25:37.553535');
INSERT INTO django_migrations VALUES(11,'auth','0006_require_contenttypes_0002','2017-01-11 08:25:37.814918');
INSERT INTO django_migrations VALUES(12,'auth','0007_alter_validators_add_error_messages','2017-01-11 08:25:38.209435');
INSERT INTO django_migrations VALUES(13,'auth','0008_alter_user_username_max_length','2017-01-11 08:25:38.588666');
INSERT INTO django_migrations VALUES(14,'sessions','0001_initial','2017-01-11 08:25:38.871548');
INSERT INTO django_migrations VALUES(15,'tickets','0001_initial','2017-02-06 07:55:16.874654');
INSERT INTO django_migrations VALUES(16,'backsys','0002_auto_20170206_1001','2017-02-06 08:05:30.404798');
INSERT INTO django_migrations VALUES(17,'tickapp','0001_initial','2017-02-06 15:57:55.228461');
INSERT INTO django_migrations VALUES(18,'tickapp','0002_auto_20170220_0930','2017-02-20 07:30:53.852420');
INSERT INTO django_migrations VALUES(19,'tickapp','0003_auto_20170220_0957','2017-02-20 07:57:46.041166');
INSERT INTO django_migrations VALUES(20,'tickapp','0004_auto_20170222_0843','2017-02-22 06:44:08.548806');
INSERT INTO django_migrations VALUES(21,'tickapp','0005_auto_20170222_0944','2017-02-22 07:44:42.320546');
INSERT INTO django_migrations VALUES(22,'tickapp','0006_auto_20170222_1325','2017-02-22 11:25:43.903528');
INSERT INTO django_migrations VALUES(23,'tickapp','0007_auto_20170222_1728','2017-02-22 15:29:08.403468');
INSERT INTO django_migrations VALUES(24,'backsys','0003_auto_20170222_1325','2017-03-01 08:33:11.718515');
INSERT INTO django_migrations VALUES(25,'tickapp','0008_ticket_ticket_type','2017-03-01 08:33:12.197552');
INSERT INTO django_migrations VALUES(26,'tickapp','0009_auto_20170301_1059','2017-03-01 08:59:47.344638');
INSERT INTO django_migrations VALUES(27,'tickapp','0010_auto_20170301_1156','2017-03-01 09:57:35.685211');
INSERT INTO django_migrations VALUES(28,'tickapp','0011_ticket_status','2017-03-13 06:11:19.991954');
CREATE TABLE IF NOT EXISTS "backsys_category" ("id" integer NOT NULL PRIMARY KEY AUTOINCREMENT, "category_name" varchar(40) NOT NULL);
INSERT INTO backsys_category VALUES(1,'Shows');
INSERT INTO backsys_category VALUES(2,'Parties');
INSERT INTO backsys_category VALUES(3,'Sport');
INSERT INTO backsys_category VALUES(4,'Movies & Theatres');
INSERT INTO backsys_category VALUES(5,'Community');
INSERT INTO backsys_category VALUES(6,'Semminars');
CREATE TABLE IF NOT EXISTS "backsys_subcategory" ("id" integer NOT NULL PRIMARY KEY AUTOINCREMENT, "subcategory_name" varchar(20) NOT NULL, "category_id" integer NOT NULL REFERENCES "backsys_category" ("id"));
INSERT INTO backsys_subcategory VALUES(1,'Music',1);
INSERT INTO backsys_subcategory VALUES(2,'Fashion',1);
INSERT INTO backsys_subcategory VALUES(3,'Comedy',1);
INSERT INTO backsys_subcategory VALUES(4,'Competition',1);
INSERT INTO backsys_subcategory VALUES(5,'Pool',2);
INSERT INTO backsys_subcategory VALUES(6,'House',2);
INSERT INTO backsys_subcategory VALUES(7,'Awesome',2);
INSERT INTO backsys_subcategory VALUES(8,'Football',3);
INSERT INTO backsys_subcategory VALUES(9,'Basket',3);
INSERT INTO backsys_subcategory VALUES(10,'Cyclism',3);
INSERT INTO backsys_subcategory VALUES(11,'Charity',5);
INSERT INTO backsys_subcategory VALUES(12,'Humanitarian',5);
INSERT INTO backsys_subcategory VALUES(13,'Public',5);
INSERT INTO backsys_subcategory VALUES(14,'Conference',6);
INSERT INTO backsys_subcategory VALUES(15,'Meeting',6);
CREATE TABLE IF NOT EXISTS "backsys_user" ("username" varchar(15) NOT NULL PRIMARY KEY, "first_name" varchar(40) NOT NULL, "second_name" varchar(30) NOT NULL, "Email" varchar(254) NOT NULL, "password" varchar(40) NOT NULL);
INSERT INTO backsys_user VALUES('admin','robo','360','berwa05@gmail.com','robertob');
CREATE TABLE IF NOT EXISTS "backsys_ticket" ("id" integer NOT NULL PRIMARY KEY AUTOINCREMENT, "ticket_number" varchar(8) NOT NULL UNIQUE, "pic" varchar(100) NOT NULL, "event_id" integer NOT NULL REFERENCES "backsys_event" ("id"), "owner_id" varchar(15) NOT NULL REFERENCES "backsys_user" ("username"), "ticket_type_id" integer NOT NULL REFERENCES "backsys_ticket_type" ("id"));
CREATE TABLE IF NOT EXISTS "backsys_review" ("id" integer NOT NULL PRIMARY KEY AUTOINCREMENT, "comment" varchar(200) NOT NULL, "author_id" varchar(15) NOT NULL REFERENCES "backsys_user" ("username"), "event_id" integer NOT NULL REFERENCES "backsys_event" ("id"));
CREATE TABLE IF NOT EXISTS "backsys_event" ("id" integer NOT NULL PRIMARY KEY AUTOINCREMENT, "title" varchar(100) NOT NULL, "poster" varchar(100) NOT NULL, "video" varchar(100) NOT NULL, "Description" varchar(1000) NOT NULL, "date" datetime NOT NULL, "organiser_id" varchar(15) NOT NULL REFERENCES "backsys_user" ("username"), "subcategory_id" integer NOT NULL REFERENCES "backsys_subcategory" ("id"));
INSERT INTO backsys_event VALUES(1,'Back skul','media/img/12636906_963805003674330_1791496905_o.jpg','media/video/740838651001_2654487920001_AppDesigner-AdaptiveStyles.mp4','hhhh','2017-01-19 22:00:00','admin',14);
CREATE TABLE IF NOT EXISTS "auth_group" ("id" integer NOT NULL PRIMARY KEY AUTOINCREMENT, "name" varchar(80) NOT NULL UNIQUE);
CREATE TABLE IF NOT EXISTS "auth_group_permissions" ("id" integer NOT NULL PRIMARY KEY AUTOINCREMENT, "group_id" integer NOT NULL REFERENCES "auth_group" ("id"), "permission_id" integer NOT NULL REFERENCES "auth_permission" ("id"));
CREATE TABLE IF NOT EXISTS "auth_user_groups" ("id" integer NOT NULL PRIMARY KEY AUTOINCREMENT, "user_id" integer NOT NULL REFERENCES "auth_user" ("id"), "group_id" integer NOT NULL REFERENCES "auth_group" ("id"));
CREATE TABLE IF NOT EXISTS "auth_user_user_permissions" ("id" integer NOT NULL PRIMARY KEY AUTOINCREMENT, "user_id" integer NOT NULL REFERENCES "auth_user" ("id"), "permission_id" integer NOT NULL REFERENCES "auth_permission" ("id"));
CREATE TABLE IF NOT EXISTS "django_admin_log" ("id" integer NOT NULL PRIMARY KEY AUTOINCREMENT, "object_id" text NULL, "object_repr" varchar(200) NOT NULL, "action_flag" smallint unsigned NOT NULL, "change_message" text NOT NULL, "content_type_id" integer NULL REFERENCES "django_content_type" ("id"), "user_id" integer NOT NULL REFERENCES "auth_user" ("id"), "action_time" datetime NOT NULL);
INSERT INTO django_admin_log VALUES(1,'admin','admin',1,'[{"added": {}}]',10,1,'2017-01-11 09:06:13.724309');
INSERT INTO django_admin_log VALUES(2,'1','Shows',1,'[{"added": {}}]',7,1,'2017-01-11 09:06:56.761206');
INSERT INTO django_admin_log VALUES(3,'2','Parties',1,'[{"added": {}}]',7,1,'2017-01-11 09:07:15.552253');
INSERT INTO django_admin_log VALUES(4,'3','Sport',1,'[{"added": {}}]',7,1,'2017-01-11 09:07:27.343506');
INSERT INTO django_admin_log VALUES(5,'4','Movies & Theatres',1,'[{"added": {}}]',7,1,'2017-01-11 09:07:42.119579');
INSERT INTO django_admin_log VALUES(6,'5','Community',1,'[{"added": {}}]',7,1,'2017-01-11 09:07:56.036769');
INSERT INTO django_admin_log VALUES(7,'6','Semminars',1,'[{"added": {}}]',7,1,'2017-01-11 09:08:07.144840');
INSERT INTO django_admin_log VALUES(8,'1','Music',1,'[{"added": {}}]',8,1,'2017-01-11 09:08:59.183746');
INSERT INTO django_admin_log VALUES(9,'2','Fashion',1,'[{"added": {}}]',8,1,'2017-01-11 09:14:41.284114');
INSERT INTO django_admin_log VALUES(10,'3','Comedy',1,'[{"added": {}}]',8,1,'2017-01-11 09:15:30.892563');
INSERT INTO django_admin_log VALUES(11,'4','Competition',1,'[{"added": {}}]',8,1,'2017-01-11 09:15:54.913542');
INSERT INTO django_admin_log VALUES(12,'5','Pool',1,'[{"added": {}}]',8,1,'2017-01-11 09:16:18.276604');
INSERT INTO django_admin_log VALUES(13,'6','House',1,'[{"added": {}}]',8,1,'2017-01-11 09:16:40.596169');
INSERT INTO django_admin_log VALUES(14,'7','Awesome',1,'[{"added": {}}]',8,1,'2017-01-11 09:17:01.280396');
INSERT INTO django_admin_log VALUES(15,'8','Football',1,'[{"added": {}}]',8,1,'2017-01-11 09:17:13.365266');
INSERT INTO django_admin_log VALUES(16,'9','Basket',1,'[{"added": {}}]',8,1,'2017-01-11 09:17:30.126728');
INSERT INTO django_admin_log VALUES(17,'10','Cyclism',1,'[{"added": {}}]',8,1,'2017-01-11 09:17:47.068108');
INSERT INTO django_admin_log VALUES(18,'11','Charity',1,'[{"added": {}}]',8,1,'2017-01-11 09:18:14.415551');
INSERT INTO django_admin_log VALUES(19,'12','Humanitarian',1,'[{"added": {}}]',8,1,'2017-01-11 09:18:36.768650');
INSERT INTO django_admin_log VALUES(20,'13','Public',1,'[{"added": {}}]',8,1,'2017-01-11 09:19:00.335054');
INSERT INTO django_admin_log VALUES(21,'14','Conference',1,'[{"added": {}}]',8,1,'2017-01-11 09:19:32.706402');
INSERT INTO django_admin_log VALUES(22,'15','Meeting',1,'[{"added": {}}]',8,1,'2017-01-11 09:19:45.647823');
INSERT INTO django_admin_log VALUES(23,'1','Back skul',1,'[{"added": {}}]',9,1,'2017-01-11 09:23:33.619458');
INSERT INTO django_admin_log VALUES(24,'2','nakumatt',1,'[{"added": {}}]',3,1,'2017-02-13 07:47:47.609543');
INSERT INTO django_admin_log VALUES(25,'2','nakumatt',2,'[{"changed": {"fields": ["first_name", "last_name", "email"]}}]',3,1,'2017-02-13 07:49:33.963504');
INSERT INTO django_admin_log VALUES(26,'1','Back skul',1,'[{"added": {}}]',17,1,'2017-02-20 07:46:55.475788');
INSERT INTO django_admin_log VALUES(27,'1','admin',1,'[{"added": {}}]',16,1,'2017-02-20 07:47:36.035140');
INSERT INTO django_admin_log VALUES(28,'1','Silver',1,'[{"added": {}}]',19,1,'2017-02-22 15:37:34.430886');
INSERT INTO django_admin_log VALUES(29,'2','GOLD',1,'[{"added": {}}]',19,1,'2017-02-22 15:37:56.524838');
INSERT INTO django_admin_log VALUES(30,'3','PLATINUM',1,'[{"added": {}}]',19,1,'2017-02-22 15:38:07.882428');
INSERT INTO django_admin_log VALUES(31,'1','Back skul',2,'[{"changed": {"fields": ["tickets_no"]}}]',17,1,'2017-03-02 16:40:55.663971');
INSERT INTO django_admin_log VALUES(32,'2','Com Factory',1,'[{"added": {}}]',17,1,'2017-03-13 09:25:23.920431');
INSERT INTO django_admin_log VALUES(33,'4','Silver(5000 Rwf)',1,'[{"added": {}}]',19,1,'2017-03-13 09:26:38.132538');
INSERT INTO django_admin_log VALUES(34,'3','robo360',1,'[{"added": {}}]',3,1,'2017-03-13 09:30:27.353758');
INSERT INTO django_admin_log VALUES(35,'4','Silver(5000 Rwf)',2,'[]',19,1,'2017-03-13 09:31:37.025697');
INSERT INTO django_admin_log VALUES(36,'1','Com Factory',2,'[{"changed": {"fields": ["title"]}}]',17,1,'2017-03-13 09:32:01.283752');
INSERT INTO django_admin_log VALUES(37,'2','Com',2,'[{"changed": {"fields": ["title"]}}]',17,1,'2017-03-13 09:32:47.383307');
INSERT INTO django_admin_log VALUES(38,'4','Silver(5000 Rwf)',2,'[{"changed": {"fields": ["event"]}}]',19,1,'2017-03-13 09:35:10.178334');
INSERT INTO django_admin_log VALUES(39,'1','Com Factory',2,'[{"changed": {"fields": ["date"]}}]',17,1,'2017-03-13 09:43:00.106383');
INSERT INTO django_admin_log VALUES(40,'1','profile object',2,'[]',16,1,'2017-03-13 10:48:28.470042');
INSERT INTO django_admin_log VALUES(41,'2','profile object',1,'[{"added": {}}]',16,1,'2017-03-13 10:48:36.803648');
INSERT INTO django_admin_log VALUES(42,'97','BERWA ALAIN ROBERTO',3,'',18,1,'2017-03-13 10:51:26.218085');
INSERT INTO django_admin_log VALUES(43,'96','0',3,'',18,1,'2017-03-13 10:51:26.381873');
INSERT INTO django_admin_log VALUES(44,'95','BERWA ALAIN ROBERTO',3,'',18,1,'2017-03-13 10:51:26.582519');
INSERT INTO django_admin_log VALUES(45,'94','0',3,'',18,1,'2017-03-13 10:51:26.803513');
INSERT INTO django_admin_log VALUES(46,'93','BERWA ALAIN ROBERTO',3,'',18,1,'2017-03-13 10:51:27.006811');
INSERT INTO django_admin_log VALUES(47,'92','0',3,'',18,1,'2017-03-13 10:51:27.159034');
INSERT INTO django_admin_log VALUES(48,'91','BERWA ALAIN ROBERTO',3,'',18,1,'2017-03-13 10:51:27.734882');
INSERT INTO django_admin_log VALUES(49,'90','0',3,'',18,1,'2017-03-13 10:51:27.971236');
INSERT INTO django_admin_log VALUES(50,'89','BERWA ALAIN ROBERTO',3,'',18,1,'2017-03-13 10:51:28.099533');
INSERT INTO django_admin_log VALUES(51,'88','0',3,'',18,1,'2017-03-13 10:51:28.235013');
INSERT INTO django_admin_log VALUES(52,'87','Gerome',3,'',18,1,'2017-03-13 10:51:28.371174');
INSERT INTO django_admin_log VALUES(53,'86','0',3,'',18,1,'2017-03-13 10:51:28.489348');
INSERT INTO django_admin_log VALUES(54,'85','BERWA ALAIN ROBERTO',3,'',18,1,'2017-03-13 10:51:28.602515');
INSERT INTO django_admin_log VALUES(55,'84','0',3,'',18,1,'2017-03-13 10:51:28.860895');
INSERT INTO django_admin_log VALUES(56,'83','BERWA ALAIN ROBERTO',3,'',18,1,'2017-03-13 10:51:29.047169');
INSERT INTO django_admin_log VALUES(57,'82','0',3,'',18,1,'2017-03-13 10:51:29.239450');
INSERT INTO django_admin_log VALUES(58,'81','BERWA ALAIN ROBERTO',3,'',18,1,'2017-03-13 10:51:29.319569');
INSERT INTO django_admin_log VALUES(59,'80','0',3,'',18,1,'2017-03-13 10:51:29.551910');
INSERT INTO django_admin_log VALUES(60,'79','Gerome',3,'',18,1,'2017-03-13 10:51:29.755209');
INSERT INTO django_admin_log VALUES(61,'78','0',3,'',18,1,'2017-03-13 10:51:29.864536');
INSERT INTO django_admin_log VALUES(62,'77','robo',3,'',18,1,'2017-03-13 10:51:29.952145');
INSERT INTO django_admin_log VALUES(63,'76','0',3,'',18,1,'2017-03-13 10:51:30.177116');
INSERT INTO django_admin_log VALUES(64,'75','BERWA ALAIN ROBERTO',3,'',18,1,'2017-03-13 10:51:30.330255');
INSERT INTO django_admin_log VALUES(65,'74','0',3,'',18,1,'2017-03-13 10:51:30.486514');
INSERT INTO django_admin_log VALUES(66,'73','BERWA ALAIN ROBERTO',3,'',18,1,'2017-03-13 10:51:30.597826');
INSERT INTO django_admin_log VALUES(67,'72','0',3,'',18,1,'2017-03-13 10:51:30.680948');
INSERT INTO django_admin_log VALUES(68,'71','Kwizera Theotime',3,'',18,1,'2017-03-13 10:51:30.851198');
INSERT INTO django_admin_log VALUES(69,'70','0',3,'',18,1,'2017-03-13 10:51:30.962362');
INSERT INTO django_admin_log VALUES(70,'69','Shingiro Sabin',3,'',18,1,'2017-03-13 10:51:31.071522');
INSERT INTO django_admin_log VALUES(71,'68','0',3,'',18,1,'2017-03-13 10:51:31.221742');
INSERT INTO django_admin_log VALUES(72,'67','Mbabajende Anastase',3,'',18,1,'2017-03-13 10:51:31.363984');
INSERT INTO django_admin_log VALUES(73,'66','0',3,'',18,1,'2017-03-13 10:51:31.450058');
INSERT INTO django_admin_log VALUES(74,'65','BERWA ALAIN ROBERTO',3,'',18,1,'2017-03-13 10:51:31.707954');
INSERT INTO django_admin_log VALUES(75,'64','0',3,'',18,1,'2017-03-13 10:51:31.805522');
INSERT INTO django_admin_log VALUES(76,'63','BERWA ALAIN ROBERTO',3,'',18,1,'2017-03-13 10:51:31.894609');
INSERT INTO django_admin_log VALUES(77,'62','0',3,'',18,1,'2017-03-13 10:51:31.984716');
INSERT INTO django_admin_log VALUES(78,'61','BERWA ALAIN ROBERTO',3,'',18,1,'2017-03-13 10:51:32.088974');
INSERT INTO django_admin_log VALUES(79,'60','0',3,'',18,1,'2017-03-13 10:51:32.196163');
INSERT INTO django_admin_log VALUES(80,'59','isabelle',3,'',18,1,'2017-03-13 10:51:32.313335');
INSERT INTO django_admin_log VALUES(81,'58','0',3,'',18,1,'2017-03-13 10:51:32.739963');
INSERT INTO django_admin_log VALUES(82,'57','isabelle',3,'',18,1,'2017-03-13 10:51:32.838106');
INSERT INTO django_admin_log VALUES(83,'56','0',3,'',18,1,'2017-03-13 10:51:32.935248');
INSERT INTO django_admin_log VALUES(84,'55','Kwizera Theotime',3,'',18,1,'2017-03-13 10:51:33.068444');
INSERT INTO django_admin_log VALUES(85,'54','0',3,'',18,1,'2017-03-13 10:51:33.185616');
INSERT INTO django_admin_log VALUES(86,'53','knt made it',3,'',18,1,'2017-03-13 10:51:33.372059');
INSERT INTO django_admin_log VALUES(87,'52','0',3,'',18,1,'2017-03-13 10:51:33.459188');
INSERT INTO django_admin_log VALUES(88,'51','knt made it',3,'',18,1,'2017-03-13 10:51:33.551322');
INSERT INTO django_admin_log VALUES(89,'50','0',3,'',18,1,'2017-03-13 10:51:33.696379');
INSERT INTO django_admin_log VALUES(90,'49','BERWA ALAIN ROBERTO',3,'',18,1,'2017-03-13 10:51:33.792444');
INSERT INTO django_admin_log VALUES(91,'48','0',3,'',18,1,'2017-03-13 10:51:33.881550');
INSERT INTO django_admin_log VALUES(92,'47','BERWA ALAIN ROBERTO',3,'',18,1,'2017-03-13 10:51:33.985666');
INSERT INTO django_admin_log VALUES(93,'46','0',3,'',18,1,'2017-03-13 10:51:34.102837');
INSERT INTO django_admin_log VALUES(94,'45','BERWA ALAIN ROBERTO',3,'',18,1,'2017-03-13 10:51:34.263072');
INSERT INTO django_admin_log VALUES(95,'44','0',3,'',18,1,'2017-03-13 10:51:34.358212');
INSERT INTO django_admin_log VALUES(96,'43','BERWA ALAIN ROBERTO',3,'',18,1,'2017-03-13 10:51:34.573528');
INSERT INTO django_admin_log VALUES(97,'42','0',3,'',18,1,'2017-03-13 10:51:34.767814');
INSERT INTO django_admin_log VALUES(98,'41','BERWA ALAIN ROBERTO',3,'',18,1,'2017-03-13 10:51:34.949080');
INSERT INTO django_admin_log VALUES(99,'40','0',3,'',18,1,'2017-03-13 10:51:35.160391');
INSERT INTO django_admin_log VALUES(100,'39','BERWA ALAIN ROBERTO',3,'',18,1,'2017-03-13 10:51:35.270554');
INSERT INTO django_admin_log VALUES(101,'38','0',3,'',18,1,'2017-03-13 10:51:35.490912');
INSERT INTO django_admin_log VALUES(102,'37','BERWA ALAIN ROBERTO',3,'',18,1,'2017-03-13 10:51:35.589678');
INSERT INTO django_admin_log VALUES(103,'36','0',3,'',18,1,'2017-03-13 10:51:35.816295');
INSERT INTO django_admin_log VALUES(104,'35','BERWA ALAIN ROBERTO',3,'',18,1,'2017-03-13 10:51:35.910003');
INSERT INTO django_admin_log VALUES(105,'34','0',3,'',18,1,'2017-03-13 10:51:36.172391');
INSERT INTO django_admin_log VALUES(106,'33','BERWA ALAIN ROBERTO',3,'',18,1,'2017-03-13 10:51:36.469829');
INSERT INTO django_admin_log VALUES(107,'32','0',3,'',18,1,'2017-03-13 10:51:36.615041');
INSERT INTO django_admin_log VALUES(108,'31','BERWA ALAIN ROBERTO',3,'',18,1,'2017-03-13 10:51:36.787296');
INSERT INTO django_admin_log VALUES(109,'30','0',3,'',18,1,'2017-03-13 10:51:37.065704');
INSERT INTO django_admin_log VALUES(110,'29','BERWA ALAIN ROBERTO',3,'',18,1,'2017-03-13 10:51:37.302051');
INSERT INTO django_admin_log VALUES(111,'28','0',3,'',18,1,'2017-03-13 10:51:37.437249');
INSERT INTO django_admin_log VALUES(112,'27','Kwizera Theotime',3,'',18,1,'2017-03-13 10:51:37.673597');
INSERT INTO django_admin_log VALUES(113,'26','0',3,'',18,1,'2017-03-13 10:51:37.817810');
INSERT INTO django_admin_log VALUES(114,'25','BERWA ALAIN ROBERTO',3,'',18,1,'2017-03-13 10:51:38.127266');
INSERT INTO django_admin_log VALUES(115,'24','0',3,'',18,1,'2017-03-13 10:51:38.392654');
INSERT INTO django_admin_log VALUES(116,'23','BERWA ALAIN ROBERTO',3,'',18,1,'2017-03-13 10:51:38.668059');
INSERT INTO django_admin_log VALUES(117,'22','0',3,'',18,1,'2017-03-13 10:51:38.907410');
INSERT INTO django_admin_log VALUES(118,'21','BERWA ALAIN ROBERTO',3,'',18,1,'2017-03-13 10:51:39.165794');
INSERT INTO django_admin_log VALUES(119,'20','0',3,'',18,1,'2017-03-13 10:51:39.464232');
INSERT INTO django_admin_log VALUES(120,'19','BERWA ALAIN ROBERTO',3,'',18,1,'2017-03-13 10:51:39.565377');
INSERT INTO django_admin_log VALUES(121,'18','0',3,'',18,1,'2017-03-13 10:51:39.683519');
INSERT INTO django_admin_log VALUES(122,'17','BERWA ALAIN ROBERTO',3,'',18,1,'2017-03-13 10:51:39.793115');
INSERT INTO django_admin_log VALUES(123,'16','0',3,'',18,1,'2017-03-13 10:51:39.952259');
INSERT INTO django_admin_log VALUES(124,'15','BERWA ALAIN ROBERTO',3,'',18,1,'2017-03-13 10:51:40.174528');
INSERT INTO django_admin_log VALUES(125,'14','0',3,'',18,1,'2017-03-13 10:51:40.307725');
INSERT INTO django_admin_log VALUES(126,'13','BERWA ALAIN ROBERTO',3,'',18,1,'2017-03-13 10:51:40.590139');
INSERT INTO django_admin_log VALUES(127,'12','0',3,'',18,1,'2017-03-13 10:51:40.816472');
INSERT INTO django_admin_log VALUES(128,'11','BERWA ALAIN ROBERTO',3,'',18,1,'2017-03-13 10:51:40.949669');
INSERT INTO django_admin_log VALUES(129,'10','0',3,'',18,1,'2017-03-13 10:51:41.097885');
INSERT INTO django_admin_log VALUES(130,'9','BERWA ALAIN ROBERTO',3,'',18,1,'2017-03-13 10:51:41.202038');
INSERT INTO django_admin_log VALUES(131,'8','0',3,'',18,1,'2017-03-13 10:51:41.319210');
INSERT INTO django_admin_log VALUES(132,'7','Kwizera Theotime',3,'',18,1,'2017-03-13 10:51:41.424364');
INSERT INTO django_admin_log VALUES(133,'6','0',3,'',18,1,'2017-03-13 10:51:41.523510');
INSERT INTO django_admin_log VALUES(134,'5','BERWA ALAIN ROBERTO',3,'',18,1,'2017-03-13 10:51:41.629766');
INSERT INTO django_admin_log VALUES(135,'4','0',3,'',18,1,'2017-03-13 10:51:41.905374');
INSERT INTO django_admin_log VALUES(136,'3','0',3,'',18,1,'2017-03-13 10:51:42.023549');
INSERT INTO django_admin_log VALUES(137,'2','0',3,'',18,1,'2017-03-13 10:51:42.147730');
INSERT INTO django_admin_log VALUES(138,'1','0',3,'',18,1,'2017-03-13 10:51:42.272915');
INSERT INTO django_admin_log VALUES(139,'2','Com Factory',2,'[{"changed": {"fields": ["title"]}}]',17,1,'2017-03-13 10:51:58.122743');
INSERT INTO django_admin_log VALUES(140,'1','Back skul',2,'[{"changed": {"fields": ["title"]}}]',17,1,'2017-03-13 10:52:23.839315');
INSERT INTO django_admin_log VALUES(141,'2','Com Factory',2,'[{"changed": {"fields": ["date"]}}]',17,1,'2017-03-13 10:52:37.311374');
INSERT INTO django_admin_log VALUES(142,'4','5000 RWF',2,'[{"changed": {"fields": ["event", "tike_type"]}}]',19,1,'2017-03-13 10:54:49.300550');
INSERT INTO django_admin_log VALUES(143,'4','5000 RWF',2,'[]',19,1,'2017-03-13 10:55:02.596535');
INSERT INTO django_admin_log VALUES(144,'2','nakumatt',2,'[]',3,1,'2017-03-13 10:57:44.026408');
INSERT INTO django_admin_log VALUES(145,'2','nakumatt',3,'',3,1,'2017-03-13 10:58:02.058399');
INSERT INTO django_admin_log VALUES(146,'3','robo360',3,'',3,1,'2017-03-13 10:58:02.210792');
INSERT INTO django_admin_log VALUES(147,'4','Comfactory',1,'[{"added": {}}]',3,1,'2017-03-13 10:58:50.513014');
INSERT INTO django_admin_log VALUES(148,'3','profile object',1,'[{"added": {}}]',16,1,'2017-03-13 11:00:42.401539');
INSERT INTO django_admin_log VALUES(149,'6','tike123',1,'Added.',3,5,'2017-04-02 12:13:57.507000');
INSERT INTO django_admin_log VALUES(150,'4','Comfactory',2,'Changed password.',3,5,'2017-04-02 12:24:21.535000');
INSERT INTO django_admin_log VALUES(151,'4','comfactory',2,'Changed username.',3,5,'2017-04-02 12:25:54.800000');
INSERT INTO django_admin_log VALUES(152,'4','comfactory',2,'Changed password.',3,5,'2017-04-02 12:26:40.490000');
CREATE TABLE IF NOT EXISTS "django_content_type" ("id" integer NOT NULL PRIMARY KEY AUTOINCREMENT, "app_label" varchar(100) NOT NULL, "model" varchar(100) NOT NULL);
INSERT INTO django_content_type VALUES(1,'admin','logentry');
INSERT INTO django_content_type VALUES(2,'auth','permission');
INSERT INTO django_content_type VALUES(3,'auth','user');
INSERT INTO django_content_type VALUES(4,'auth','group');
INSERT INTO django_content_type VALUES(5,'contenttypes','contenttype');
INSERT INTO django_content_type VALUES(6,'sessions','session');
INSERT INTO django_content_type VALUES(7,'backsys','category');
INSERT INTO django_content_type VALUES(8,'backsys','subcategory');
INSERT INTO django_content_type VALUES(9,'backsys','event');
INSERT INTO django_content_type VALUES(10,'backsys','user');
INSERT INTO django_content_type VALUES(11,'backsys','review');
INSERT INTO django_content_type VALUES(12,'backsys','ticket_type');
INSERT INTO django_content_type VALUES(13,'backsys','ticket');
INSERT INTO django_content_type VALUES(14,'tickets','ticket');
INSERT INTO django_content_type VALUES(15,'tickets','user');
INSERT INTO django_content_type VALUES(16,'tickapp','profile');
INSERT INTO django_content_type VALUES(17,'tickapp','show');
INSERT INTO django_content_type VALUES(18,'tickapp','ticket');
INSERT INTO django_content_type VALUES(19,'tickapp','tickettype');
CREATE TABLE IF NOT EXISTS "auth_permission" ("id" integer NOT NULL PRIMARY KEY AUTOINCREMENT, "content_type_id" integer NOT NULL REFERENCES "django_content_type" ("id"), "codename" varchar(100) NOT NULL, "name" varchar(255) NOT NULL);
INSERT INTO auth_permission VALUES(1,1,'add_logentry','Can add log entry');
INSERT INTO auth_permission VALUES(2,1,'change_logentry','Can change log entry');
INSERT INTO auth_permission VALUES(3,1,'delete_logentry','Can delete log entry');
INSERT INTO auth_permission VALUES(4,2,'add_permission','Can add permission');
INSERT INTO auth_permission VALUES(5,2,'change_permission','Can change permission');
INSERT INTO auth_permission VALUES(6,2,'delete_permission','Can delete permission');
INSERT INTO auth_permission VALUES(7,3,'add_user','Can add user');
INSERT INTO auth_permission VALUES(8,3,'change_user','Can change user');
INSERT INTO auth_permission VALUES(9,3,'delete_user','Can delete user');
INSERT INTO auth_permission VALUES(10,4,'add_group','Can add group');
INSERT INTO auth_permission VALUES(11,4,'change_group','Can change group');
INSERT INTO auth_permission VALUES(12,4,'delete_group','Can delete group');
INSERT INTO auth_permission VALUES(13,5,'add_contenttype','Can add content type');
INSERT INTO auth_permission VALUES(14,5,'change_contenttype','Can change content type');
INSERT INTO auth_permission VALUES(15,5,'delete_contenttype','Can delete content type');
INSERT INTO auth_permission VALUES(16,6,'add_session','Can add session');
INSERT INTO auth_permission VALUES(17,6,'change_session','Can change session');
INSERT INTO auth_permission VALUES(18,6,'delete_session','Can delete session');
INSERT INTO auth_permission VALUES(19,7,'add_category','Can add category');
INSERT INTO auth_permission VALUES(20,7,'change_category','Can change category');
INSERT INTO auth_permission VALUES(21,7,'delete_category','Can delete category');
INSERT INTO auth_permission VALUES(22,8,'add_subcategory','Can add subcategory');
INSERT INTO auth_permission VALUES(23,8,'change_subcategory','Can change subcategory');
INSERT INTO auth_permission VALUES(24,8,'delete_subcategory','Can delete subcategory');
INSERT INTO auth_permission VALUES(25,9,'add_event','Can add event');
INSERT INTO auth_permission VALUES(26,9,'change_event','Can change event');
INSERT INTO auth_permission VALUES(27,9,'delete_event','Can delete event');
INSERT INTO auth_permission VALUES(28,10,'add_user','Can add user');
INSERT INTO auth_permission VALUES(29,10,'change_user','Can change user');
INSERT INTO auth_permission VALUES(30,10,'delete_user','Can delete user');
INSERT INTO auth_permission VALUES(31,11,'add_review','Can add review');
INSERT INTO auth_permission VALUES(32,11,'change_review','Can change review');
INSERT INTO auth_permission VALUES(33,11,'delete_review','Can delete review');
INSERT INTO auth_permission VALUES(34,12,'add_ticket_type','Can add ticket_type');
INSERT INTO auth_permission VALUES(35,12,'change_ticket_type','Can change ticket_type');
INSERT INTO auth_permission VALUES(36,12,'delete_ticket_type','Can delete ticket_type');
INSERT INTO auth_permission VALUES(37,13,'add_ticket','Can add ticket');
INSERT INTO auth_permission VALUES(38,13,'change_ticket','Can change ticket');
INSERT INTO auth_permission VALUES(39,13,'delete_ticket','Can delete ticket');
INSERT INTO auth_permission VALUES(40,14,'add_ticket','Can add ticket');
INSERT INTO auth_permission VALUES(41,14,'change_ticket','Can change ticket');
INSERT INTO auth_permission VALUES(42,14,'delete_ticket','Can delete ticket');
INSERT INTO auth_permission VALUES(43,15,'add_user','Can add user');
INSERT INTO auth_permission VALUES(44,15,'change_user','Can change user');
INSERT INTO auth_permission VALUES(45,15,'delete_user','Can delete user');
INSERT INTO auth_permission VALUES(46,16,'add_user','Can add user');
INSERT INTO auth_permission VALUES(47,16,'change_user','Can change user');
INSERT INTO auth_permission VALUES(48,16,'delete_user','Can delete user');
INSERT INTO auth_permission VALUES(49,17,'add_show','Can add show');
INSERT INTO auth_permission VALUES(50,17,'change_show','Can change show');
INSERT INTO auth_permission VALUES(51,17,'delete_show','Can delete show');
INSERT INTO auth_permission VALUES(52,18,'add_ticket','Can add ticket');
INSERT INTO auth_permission VALUES(53,18,'change_ticket','Can change ticket');
INSERT INTO auth_permission VALUES(54,18,'delete_ticket','Can delete ticket');
INSERT INTO auth_permission VALUES(55,19,'add_ticket_type','Can add ticket_type');
INSERT INTO auth_permission VALUES(56,19,'change_ticket_type','Can change ticket_type');
INSERT INTO auth_permission VALUES(57,19,'delete_ticket_type','Can delete ticket_type');
INSERT INTO auth_permission VALUES(58,19,'add_tickettype','Can add tickettype');
INSERT INTO auth_permission VALUES(59,19,'change_tickettype','Can change tickettype');
INSERT INTO auth_permission VALUES(60,19,'delete_tickettype','Can delete tickettype');
INSERT INTO auth_permission VALUES(61,16,'add_profile','Can add profile');
INSERT INTO auth_permission VALUES(62,16,'change_profile','Can change profile');
INSERT INTO auth_permission VALUES(63,16,'delete_profile','Can delete profile');
CREATE TABLE IF NOT EXISTS "auth_user" ("id" integer NOT NULL PRIMARY KEY AUTOINCREMENT, "password" varchar(128) NOT NULL, "last_login" datetime NULL, "is_superuser" bool NOT NULL, "first_name" varchar(30) NOT NULL, "last_name" varchar(30) NOT NULL, "email" varchar(254) NOT NULL, "is_staff" bool NOT NULL, "is_active" bool NOT NULL, "date_joined" datetime NOT NULL, "username" varchar(150) NOT NULL UNIQUE);
INSERT INTO auth_user VALUES(1,'pbkdf2_sha256$30000$lptrGHrC17xK$mArMKcjRphKnQqQnVvA2/AVa0goyEM0rqU6HWXNktCQ=','2017-03-13 11:00:02.560270',1,'','','berwa05@gmail.com',1,1,'2017-01-11 09:04:22.545250','admin');
INSERT INTO auth_user VALUES(4,'pbkdf2_sha256$24000$lB7Z52O1IQcK$/CgHC1JUoqC0ZlNXxEWtGgjdciJrA3JIgTn0yrNbeVI=','2017-04-02 14:29:04.494000',0,'','','',0,1,'2017-03-13 10:58:50','comfactory');
INSERT INTO auth_user VALUES(5,'pbkdf2_sha256$24000$yr7IJNBlUEGR$2BiupEgHfRZZZY7oC5YSDIhyT/LaCtyXavipJ9yalw4=','2017-04-02 12:34:00.420000',1,'','','admin@admin.com',1,1,'2017-04-02 12:11:12.212000','tike');
INSERT INTO auth_user VALUES(6,'pbkdf2_sha256$24000$ToKDKaAyskp2$/2PNztE2HyX8sLNv7Fo9O06MY1HLupqHzA72gm9c0T0=','2017-04-02 12:33:45.761000',0,'','','',0,1,'2017-04-02 12:13:57.431000','tike123');
CREATE TABLE IF NOT EXISTS "django_session" ("session_key" varchar(40) NOT NULL PRIMARY KEY, "session_data" text NOT NULL, "expire_date" datetime NOT NULL);
INSERT INTO django_session VALUES('fwezysg47y63ggmu5oz48y54psb09qwr','N2ZjNDkyN2E1N2ZmN2VjZjhlNDQ4YzQwY2NkMjIyNjY4NjY1NTJjNjp7Il9hdXRoX3VzZXJfaWQiOiIxIiwiX2F1dGhfdXNlcl9oYXNoIjoiNmE2Mjk4NjI4OGYyMzYwM2MxMDZiZmFjNDlmMjEyZGEwMzJmYjI4ZSIsIl9hdXRoX3VzZXJfYmFja2VuZCI6ImRqYW5nby5jb250cmliLmF1dGguYmFja2VuZHMuTW9kZWxCYWNrZW5kIn0=','2017-01-25 09:05:13.188795');
INSERT INTO django_session VALUES('se1eoat2ssygzdtjw216612txglzhph1','YjYzNWUzZDdjYjViNDc5MjAyNTJmYzIxYjg5NjRlNzcyNDhiZWI1OTp7Il9hdXRoX3VzZXJfYmFja2VuZCI6ImRqYW5nby5jb250cmliLmF1dGguYmFja2VuZHMuTW9kZWxCYWNrZW5kIiwiX2F1dGhfdXNlcl9pZCI6IjQiLCJfYXV0aF91c2VyX2hhc2giOiI2ZjcyMWI3N2QwMDdhNjE5OGY1YmI3MThmZTJiMWNlZDc2N2JmNWZhIn0=','2017-03-27 11:01:07.200234');
INSERT INTO django_session VALUES('9nwm6syncnlasm0j1uio5v40c5t7gcm5','YjYzNWUzZDdjYjViNDc5MjAyNTJmYzIxYjg5NjRlNzcyNDhiZWI1OTp7Il9hdXRoX3VzZXJfYmFja2VuZCI6ImRqYW5nby5jb250cmliLmF1dGguYmFja2VuZHMuTW9kZWxCYWNrZW5kIiwiX2F1dGhfdXNlcl9pZCI6IjQiLCJfYXV0aF91c2VyX2hhc2giOiI2ZjcyMWI3N2QwMDdhNjE5OGY1YmI3MThmZTJiMWNlZDc2N2JmNWZhIn0=','2017-04-04 20:11:08.907819');
INSERT INTO django_session VALUES('fbnh98e1a8w9f7pdw52zpss0bujng4g9','MzNiNjMzZjZlNDA1NWJmMDRkNDYyODExN2U5MGE5MTFlZGMwMGI1MTp7Il9hdXRoX3VzZXJfaGFzaCI6ImQ3Y2YxMGI2MGIxNDk2M2ViOGZiYThjMjBkODE2ZGM2YjhhNWZiZmQiLCJfYXV0aF91c2VyX2JhY2tlbmQiOiJkamFuZ28uY29udHJpYi5hdXRoLmJhY2tlbmRzLk1vZGVsQmFja2VuZCIsIl9hdXRoX3VzZXJfaWQiOiI0In0=','2017-04-16 14:29:04.506000');
CREATE TABLE IF NOT EXISTS "tickets_ticket" ("id" integer NOT NULL PRIMARY KEY AUTOINCREMENT, "phone_number" integer NOT NULL, "ticket_number" integer NOT NULL, "pin" integer NOT NULL, "email" varchar(254) NOT NULL, "code" varchar(6) NOT NULL, "password" varchar(40) NOT NULL);
CREATE TABLE IF NOT EXISTS "tickets_user" ("username" varchar(15) NOT NULL PRIMARY KEY, "password" varchar(40) NOT NULL);
CREATE TABLE IF NOT EXISTS "tickapp_tickettype" ("id" integer NOT NULL PRIMARY KEY AUTOINCREMENT, "amount" integer NOT NULL, "tike_type" varchar(30) NOT NULL, "event_id" integer NOT NULL REFERENCES "tickapp_show" ("id"));
INSERT INTO tickapp_tickettype VALUES(1,2000,'Silver',1);
INSERT INTO tickapp_tickettype VALUES(2,3000,'GOLD',1);
INSERT INTO tickapp_tickettype VALUES(3,5000,'PLATINUM',1);
INSERT INTO tickapp_tickettype VALUES(4,5000,'5000 RWF',2);
CREATE TABLE IF NOT EXISTS "tickapp_show" ("id" integer NOT NULL PRIMARY KEY AUTOINCREMENT, "title" varchar(100) NOT NULL, "poster" varchar(100) NOT NULL, "video" varchar(100) NOT NULL, "Description" text NOT NULL, "date" datetime NOT NULL, "tickets_no" integer NOT NULL);
INSERT INTO tickapp_show VALUES(1,'Back skul','media/img/footer-bg.jpg','media/video/01_CompTIA_Cert_v09_720.mp4','it is great','2017-03-16 18:00:00',200);
INSERT INTO tickapp_show VALUES(2,'Com Factory','media/img/12636906_963805003674330_1791496905_o_0Z7CzdT.jpg','media/video/01_CompTIA_Cert_v09_720_Wyk88iD.mp4','great','2017-03-16 18:00:00',200);
CREATE TABLE IF NOT EXISTS "tickapp_profile" ("id" integer NOT NULL PRIMARY KEY AUTOINCREMENT, "event_id" integer NOT NULL REFERENCES "tickapp_show" ("id"), "seller_id" integer NOT NULL REFERENCES "auth_user" ("id"));
INSERT INTO tickapp_profile VALUES(1,1,1);
INSERT INTO tickapp_profile VALUES(3,2,4);
CREATE TABLE IF NOT EXISTS "backsys_ticket_type" ("id" integer NOT NULL PRIMARY KEY AUTOINCREMENT, "tike_type" varchar(30) NOT NULL, "event_id" integer NOT NULL REFERENCES "backsys_event" ("id"), "amount" varchar(10) NOT NULL);
CREATE TABLE IF NOT EXISTS "tickapp_ticket" ("id" integer NOT NULL PRIMARY KEY AUTOINCREMENT, "phone_number" integer NULL, "pin" varchar(10) NOT NULL, "email" varchar(254) NOT NULL, "event_id" integer NULL REFERENCES "tickapp_show" ("id"), "Name" varchar(100) NOT NULL, "seller_id" integer NULL REFERENCES "tickapp_profile" ("id"), "ticket_type_id" integer NULL REFERENCES "tickapp_tickettype" ("id"), "status" bool NOT NULL);
INSERT INTO tickapp_ticket VALUES(98,NULL,'','',NULL,'0',0,0,0);
INSERT INTO tickapp_ticket VALUES(99,250788775790,'SWQ9NZ','['''']',2,'Mama Isabelle',3,4,0);
INSERT INTO tickapp_ticket VALUES(100,NULL,'','',NULL,'0',0,0,0);
INSERT INTO tickapp_ticket VALUES(101,250789267775,'5S5ZF4','['''']',2,'Kwizera Theotime',3,4,0);
INSERT INTO tickapp_ticket VALUES(102,NULL,'','',NULL,'0',0,0,0);
INSERT INTO tickapp_ticket VALUES(103,250,'QOY1T0','[''berwa05@gmail.com'']',2,'BERWA ALAIN ROBERTO',3,4,0);
INSERT INTO tickapp_ticket VALUES(104,NULL,'','',NULL,'0',0,0,0);
INSERT INTO tickapp_ticket VALUES(105,250,'IGIQEN','[''jerome.migisha@gmail.com'']',2,'Gerome',3,4,0);
INSERT INTO tickapp_ticket VALUES(106,NULL,'','',NULL,'0',0,0,0);
INSERT INTO tickapp_ticket VALUES(107,250788775790,'EIKY9J','['''']',2,'Beatrice Uwimana',3,4,0);
INSERT INTO tickapp_ticket VALUES(108,NULL,'','',NULL,'0',0,0,0);
INSERT INTO tickapp_ticket VALUES(109,250784956146,'XLN48C','['''']',2,'Akil Aseme ',3,4,0);
INSERT INTO tickapp_ticket VALUES(110,NULL,'','',NULL,'0',0,0,0);
INSERT INTO tickapp_ticket VALUES(111,250728821058,'OZCJD8','['''']',2,'Rebero',3,4,0);
INSERT INTO tickapp_ticket VALUES(112,NULL,'','',NULL,'0',0,0,0);
INSERT INTO tickapp_ticket VALUES(113,250784047028,'RT8L5O','['''']',2,'test',3,4,0);
INSERT INTO tickapp_ticket VALUES(114,NULL,'','',NULL,'0',0,0,0);
INSERT INTO tickapp_ticket VALUES(115,8615678319093,'ABYWPE','[u''munyakaberajc@gmail.com'']',2,'munyakabera jean claude',3,4,0);
INSERT INTO tickapp_ticket VALUES(116,NULL,'','',NULL,'0',0,0,0);
INSERT INTO tickapp_ticket VALUES(117,250789267775,'QGGKFO','[u''munyakaberajc@gmail.com'']',2,'some name',3,4,0);
INSERT INTO tickapp_ticket VALUES(118,NULL,'','',NULL,'0',0,0,0);
INSERT INTO tickapp_ticket VALUES(119,250789267775,'5SAGIM','[u''munyakaberajc@gmail.com'']',2,'munyakabera jean claude',3,4,0);
DELETE FROM sqlite_sequence;
INSERT INTO sqlite_sequence VALUES('backsys_ticket',0);
INSERT INTO sqlite_sequence VALUES('backsys_review',0);
INSERT INTO sqlite_sequence VALUES('backsys_event',1);
INSERT INTO sqlite_sequence VALUES('django_migrations',28);
INSERT INTO sqlite_sequence VALUES('django_admin_log',152);
INSERT INTO sqlite_sequence VALUES('django_content_type',19);
INSERT INTO sqlite_sequence VALUES('auth_permission',63);
INSERT INTO sqlite_sequence VALUES('auth_user',6);
INSERT INTO sqlite_sequence VALUES('backsys_category',6);
INSERT INTO sqlite_sequence VALUES('backsys_subcategory',15);
INSERT INTO sqlite_sequence VALUES('auth_user_user_permissions',1);
INSERT INTO sqlite_sequence VALUES('tickapp_show',2);
INSERT INTO sqlite_sequence VALUES('tickapp_profile',3);
INSERT INTO sqlite_sequence VALUES('tickapp_tickettype',4);
INSERT INTO sqlite_sequence VALUES('backsys_ticket_type',0);
INSERT INTO sqlite_sequence VALUES('tickapp_ticket',119);
CREATE INDEX "backsys_subcategory_b583a629" ON "backsys_subcategory" ("category_id");
CREATE INDEX "backsys_ticket_4437cfac" ON "backsys_ticket" ("event_id");
CREATE INDEX "backsys_ticket_5e7b1936" ON "backsys_ticket" ("owner_id");
CREATE INDEX "backsys_ticket_35bb0a89" ON "backsys_ticket" ("ticket_type_id");
CREATE INDEX "backsys_review_4f331e2f" ON "backsys_review" ("author_id");
CREATE INDEX "backsys_review_4437cfac" ON "backsys_review" ("event_id");
CREATE INDEX "backsys_event_5e80e962" ON "backsys_event" ("organiser_id");
CREATE INDEX "backsys_event_79f70305" ON "backsys_event" ("subcategory_id");
CREATE UNIQUE INDEX "auth_group_permissions_group_id_0cd325b0_uniq" ON "auth_group_permissions" ("group_id", "permission_id");
CREATE INDEX "auth_group_permissions_0e939a4f" ON "auth_group_permissions" ("group_id");
CREATE INDEX "auth_group_permissions_8373b171" ON "auth_group_permissions" ("permission_id");
CREATE UNIQUE INDEX "auth_user_groups_user_id_94350c0c_uniq" ON "auth_user_groups" ("user_id", "group_id");
CREATE INDEX "auth_user_groups_e8701ad4" ON "auth_user_groups" ("user_id");
CREATE INDEX "auth_user_groups_0e939a4f" ON "auth_user_groups" ("group_id");
CREATE UNIQUE INDEX "auth_user_user_permissions_user_id_14a6b632_uniq" ON "auth_user_user_permissions" ("user_id", "permission_id");
CREATE INDEX "auth_user_user_permissions_e8701ad4" ON "auth_user_user_permissions" ("user_id");
CREATE INDEX "auth_user_user_permissions_8373b171" ON "auth_user_user_permissions" ("permission_id");
CREATE INDEX "django_admin_log_417f1b1c" ON "django_admin_log" ("content_type_id");
CREATE INDEX "django_admin_log_e8701ad4" ON "django_admin_log" ("user_id");
CREATE UNIQUE INDEX "django_content_type_app_label_76bd3d3b_uniq" ON "django_content_type" ("app_label", "model");
CREATE UNIQUE INDEX "auth_permission_content_type_id_01ab375a_uniq" ON "auth_permission" ("content_type_id", "codename");
CREATE INDEX "auth_permission_417f1b1c" ON "auth_permission" ("content_type_id");
CREATE INDEX "django_session_de54fa62" ON "django_session" ("expire_date");
CREATE INDEX "tickapp_ticket_type_4437cfac" ON "tickapp_tickettype" ("event_id");
CREATE INDEX "tickapp_profile_4437cfac" ON "tickapp_profile" ("event_id");
CREATE INDEX "tickapp_profile_0a7c7ff2" ON "tickapp_profile" ("seller_id");
CREATE INDEX "backsys_ticket_type_4437cfac" ON "backsys_ticket_type" ("event_id");
CREATE INDEX "tickapp_ticket_4437cfac" ON "tickapp_ticket" ("event_id");
CREATE INDEX "tickapp_ticket_0a7c7ff2" ON "tickapp_ticket" ("seller_id");
CREATE INDEX "tickapp_ticket_35bb0a89" ON "tickapp_ticket" ("ticket_type_id");
COMMIT;
